{"cameraMode":{"drawMode":0,"name":"Shaded","section":"Shading Mode"},"sceneLighting":true,"audioPlay":false,"sceneViewState":{"m_AlwaysRefresh":false,"showFog":true,"showSkybox":true,"showFlares":true,"showImageEffects":true,"showParticleSystems":true,"showVisualEffectGraphs":true,"m_FxEnabled":true},"in2DMode":false,"pivot":{"x":-0.43860918283462527,"y":6.829927921295166,"z":30.825605392456056},"rotation":{"x":0.0005319064948707819,"y":0.9962422847747803,"z":-0.08720316737890244,"w":0.006648575887084007},"size":1.125883936882019,"orthographic":false}