{"cameraMode":{"drawMode":0,"name":"Shaded","section":"Shading Mode"},"sceneLighting":false,"audioPlay":false,"sceneViewState":{"m_AlwaysRefresh":false,"showFog":true,"showSkybox":false,"showFlares":true,"showImageEffects":true,"showParticleSystems":true,"showVisualEffectGraphs":true,"m_FxEnabled":true},"in2DMode":false,"pivot":{"x":-2.828920602798462,"y":1.2450931072235108,"z":5.7869462966918949},"rotation":{"x":-0.08117583394050598,"y":0.8040127158164978,"z":0.11289296299219132,"w":0.5781264305114746},"size":1.2231512069702149,"orthographic":false}